tag,r_f_joint1_1_pos,r_f_joint1_2_pos,r_f_joint1_3_pos,r_f_joint2_1_pos,r_f_joint2_2_pos,r_f_joint2_3_pos,r_f_joint2_4_pos,r_f_joint3_1_pos,r_f_joint3_2_pos,r_f_joint3_3_pos,r_f_joint3_4_pos,r_f_joint4_1_pos,r_f_joint4_2_pos,r_f_joint4_3_pos,r_f_joint4_4_pos,r_f_joint5_1_pos,r_f_joint5_2_pos,r_f_joint5_3_pos,r_f_joint5_4_pos,hand_pos_x,hand_pos_y,hand_pos_z,hand_euler_X,hand_euler_Y,hand_euler_Z
20240902-163202,-2.168174067172718,-0.0060656938758833,0.001233652171344,-0.0498570463564878,-0.0048454530105689,-0.0667343009001998,-0.0656500357673341,0.0418423294278186,-0.3416476484744274,-0.400075044893366,-0.4075435677367086,0.0836450635952517,-0.8185824674772909,-0.547749252801425,-0.5337585379237442,-0.1146879912086187,-1.17784384571516,-0.1706714074779814,-0.1709152381454811,-0.1063467183124702,-0.0517529389215625,0.12116314542370649,0.7051092337090551,0.3684563772910424,-0.0055120468775294
20240902-162812,-1.1923792501014463,-0.0009531363586156,3.281244060807046e-05,-0.2493622642446926,-0.0044696126991777,-0.0398298728533798,-0.0388268857816906,0.001032500554542,-0.0632303336183943,-0.1452100558578193,-0.1444181450538277,-0.2471704935319364,-0.0983488107398655,-0.1027734882916445,-0.1019685651669746,-0.4958049231630563,-0.303450504902895,-0.0976849478615975,-0.0970891251160965,-0.0622558245744516,-0.0299771731425188,0.20493090679047576,-0.3946052907679513,0.7907617404878374,0.4063616657777239
20240902-163542,-1.0440903123247722,0.0059758334353977,-0.0012965960663601,-0.0922434021216185,0.0011690944711861,-0.0835693712398388,-0.0838256014377697,-0.0080177234777891,-0.667050139910849,-0.2330986971248962,-0.233197466562531,-0.1066654830731233,-1.1265778987694546,-0.4398171344102669,-0.4398427729886248,-0.2088791075817553,-1.338404888204878,-0.0287011933248178,-0.0289313267783975,0.1076820472529805,-0.02759641453185,0.042187184353682405,3.5453758442580336,1.4052271049010885,-1.8336504752968907
20240902-163612,-0.7696131820252122,0.006926411615627,-0.001487033015259,-0.1062652711167356,-0.1285716945842427,-0.1652200881016786,-0.1653780002200025,-0.0066669732353231,-0.7645165953700858,-0.2778987357899883,-0.2779120165833881,-0.1165226085876408,-1.0176511576643137,-0.9491150825331828,-0.9908021003552956,-0.1504132904390522,-1.3452386605279063,-0.450478068397147,-0.490417764071586,0.0004019118126483,-0.0969176075196074,0.007634842120036067,1.721040254917426,0.5265501582426124,0.0375924647645313
20240902-163242,-1.5419549698066883,-0.025212107584428,0.0102927119432297,-0.049794038703112,-0.167513519706705,-0.4255363466642878,-0.4247896645710136,-0.0028539903648318,-0.3443710847513828,-0.4783958056430065,-0.4778886936276628,0.0122261467201587,-0.548001852422224,-0.3908672961842914,-0.4034471156531933,-0.0001505470050566,-0.4458915361414787,0.0142524846389255,-0.0037868214091558,-0.0423055586215338,-0.1017346254634209,0.06259921354669207,0.7135058415023863,0.5391435894013513,0.2911876992956008
20240902-163552,-1.0102869620387318,0.0055378729414042,-0.0011799476582939,-0.1305601129884369,-0.21893675243411,-0.240684924022963,-0.2408021113406168,-0.005251720863697,-0.9777367469369468,-0.3269634193071256,-0.3268985577268722,-0.1874489821637152,-1.4744586024334936,-0.7549955981324558,-0.7527366135882539,-0.2808019711078049,-1.5362086661781802,-0.1725903847796596,-0.1810019937927534,0.0640419391661341,-0.0369236534030172,0.03359644482904317,2.5164747142086443,1.353173449442587,-0.8075211409525145
20240902-163932,-1.628840103726832,-0.0722000915384944,0.0276501426462572,-0.1365240207059484,-0.1800059822929245,-0.6477677284446007,-0.6620043910080837,-0.0202636458821932,-0.4162656540904368,-0.6565925068623757,-0.6703726658625399,-0.0742245502655086,-0.4906597209995391,-0.4644230643077937,-0.4645542779067792,-0.1495955688870772,-0.7369225560798138,-0.1368215908443382,-0.1368055320191857,-0.0128461651292145,-0.0314205214409006,0.14356774973933947,-0.6784994290688686,0.3420543637271788,0.9210593963880056
20240902-163512,-1.4798369126532265,-0.003823959558234,0.0006949034971268,-0.0927822528884567,-0.3038195430398598,-0.7313852648471363,-0.7313581707691589,0.002691276753803,-0.6509772172478874,-0.8336245167138173,-0.8285725601483412,-0.0917505524831244,-0.9347533022162844,-0.8149958793235526,-0.815940837082831,-0.1838941340944598,-1.2235443156278012,-0.1559806392175355,-0.1564171055926446,-0.0568884427127997,-0.009116553092913,0.16872981850848018,-0.3481853279185221,0.4209527549587318,0.5126325106460241
20240902-163032,-1.1736211562792915,-0.0010896521557589,8.254023317460032e-05,-0.2464502088860362,-0.0050780950650574,-0.1604238594769265,-0.1593399072165153,-0.0022324047008613,-0.0909845226499732,-0.2172166200637279,-0.2163148826162043,-0.250646114872384,-0.1315161310711277,-0.1284414941517426,-0.1274224576675758,-0.4991431571640811,-0.3762539589049727,-0.0520474621534547,-0.0513116516491506,-0.0691098706236403,-0.0580351289766045,0.18672295192054109,0.0332025131784981,0.728187556013517,0.3000647774230393
20240902-164002,-1.4267186415295403,-0.0061069331528552,0.0013589235147691,-0.0978532773619225,-0.3298358519733224,-0.4311234647491908,-0.4299082458850864,-0.0028811482775864,-0.9377106464557844,-0.6473123822163871,-0.6468126727113572,-0.1052782949221507,-0.9947809882444376,-0.6160211927605262,-0.6156476989055543,-0.2086387612547146,-1.075055812479469,-0.0994629458898877,-0.0987495299291251,-0.0075618403782061,-0.0012374740010667,0.3589263730449055,0.771136606059289,-0.0055438664244779,0.4861704243376691
20240902-162742,-0.9691019869635576,0.0001429852304984,-0.0001531678308595,-0.2452364067060331,-0.0053170610694877,-0.0018735489074496,-0.0006678083402321,-0.0038168176623118,-0.0716834936609003,-0.2109983148496493,-0.2098850062698367,-0.2635719767798592,-0.0185016827133154,-0.0959096012008461,-0.0984738782996037,-0.530660640048949,-0.0472388037817263,-0.0235377335552324,-0.0498889210078579,-0.1408124116927539,-0.0368014647571892,0.0998918621120411,0.7056890808873735,0.1689025255894986,-0.6006351453500947
20240902-162842,-1.180520207531061,-0.0007260270252793,-5.405131162474489e-06,-0.2536891646854574,-0.1129511896659456,-0.2897410301367142,-0.2902189660065696,-0.0015506616038164,-0.0948176630008942,-0.1900768566429831,-0.1892672603567539,-0.249887379885587,-0.1506803073443242,-0.1618149365957174,-0.161047961963299,-0.4983781745820915,-0.3175909935864267,-0.0786597194496185,-0.0780003302230761,-0.0776316629816315,-0.0711395901563758,0.1766145720698926,0.2458317852551056,0.7240378446378263,-0.121593436394185
20240902-163742,-1.0189156666062695,0.0069108840961939,-0.0015030005586522,-0.1127510815903783,-0.3008094293167636,-0.3260794839754181,-0.3262549283253777,-0.0044834595524976,-1.0510993600590497,-0.4947794866251319,-0.4945918736841119,-0.1241149434518079,-1.188553028074132,-0.606028120613469,-0.6058766606391071,-0.124438184741454,-1.3166832499033023,-0.1471245619047277,-0.1668485855742491,0.000203619004801,-0.1278912137213386,0.07246416985976267,2.0208453631431134,0.9375381073961012,-0.4324543182309581
20240902-162702,-0.9619918624420908,0.0014297474390043,-0.0004724094365994,-0.244880269219994,-0.0046534475358998,-0.0423247341745627,-0.0412841184151365,-0.0038041578179728,-0.1820906307844863,-0.0957907206656062,-0.0949086595965182,-0.2520947424952924,-0.3188878660436089,-0.0890098660518951,-0.0882047443671526,-0.500396432668012,-0.5750664592277865,-0.0554259936260154,-0.0552338231229894,-0.1727901108080825,-0.0355351916830383,0.228768695583084,0.6392921990658795,0.5281160897570535,-0.3990274220746981
20240902-163352,-0.8988469749172358,0.0069102505787419,-0.001470748411597,-0.0857582617250455,-0.2028606768001154,-0.2133965087017802,-0.2136765622717552,-0.0066934170456039,-0.7732585136397245,-0.3201244805597755,-0.3200576510876139,-0.0994528827688109,-0.9948911164155746,-0.4550873350588222,-0.4550733802559553,-0.1968787011257454,-0.6881143083032528,-0.0699314850801031,-0.0702997587974724,0.0505233481374152,-0.1186823782002083,0.10825665478885677,2.28274074735095,1.224030311113276,-0.635945743751163
20240902-163922,-1.17376488837422,-0.0012796682800206,0.0001225557498858,-0.1570041717398832,-0.0585226392326989,-0.3163745255890476,-0.3152199018788844,-0.0016929512597973,-0.2843934005620888,-0.4462580184845245,-0.4461894527403009,-0.1607284672624899,-0.369624086007094,-0.388191855223928,-0.3878861847163418,-0.3196974259254184,-0.5796400587003271,-0.1047581490716228,-0.1043110820057202,-0.051591371466095,-0.0685856363457642,0.15225273006237017,0.1721897120151831,0.6552806621259755,0.086914453892503
20240902-163252,-1.2489975782052756,-0.0022825783948524,0.0003479812941444,-0.1926097604033858,-0.0055614138839373,-0.0019629117328447,-0.0006980138062779,-0.0181890432264717,-0.2908066389957141,-0.447226854338883,-0.4665814639267674,-0.1946734562857941,-0.3807807759657168,-0.1965758953299273,-0.1959836666784103,-0.3883859118088258,-0.4626996494369337,-0.0605110119524888,-0.0598365380563631,-0.0451324802188032,-0.0577411678839572,0.17680258266359877,-0.1992530810536189,0.6041573060041115,0.5238070378887068
20240902-162712,-1.146776960283853,-0.0001978052537994,-0.0001341516581791,-0.2484935358054731,-0.0284268849220889,-0.1647255813829002,-0.1637810955253069,0.0001863576802993,-0.0672457420711499,-0.1478061431583939,-0.1470705269092855,-0.247940772219913,-0.1122526875332976,-0.0710550902471982,-0.0702813031181415,-0.496537191457869,-0.4167709661670788,-0.0634200963218305,-0.063008007063649,-0.1126299015265628,-0.011346849478801,0.2834325510786524,-0.128505699733603,0.9080303991108536,0.110411197616898
20240902-163902,-1.2953116647355385,0.0011099800426819,-0.0004124644229265,-0.2351600482415672,-0.003815562061633,-0.0013517624037266,-0.0004782054533396,0.0163950704788136,-0.0604294309340918,-0.2439648199373781,-0.2662836353643523,-0.242235218247558,-0.2013900684978599,-0.2442344202704487,-0.2439242581892118,-0.4808538840786323,-0.4782397085001695,-0.0922607128907096,-0.092187989303103,-0.054030723056327,-0.0718713307949757,0.16423140338057127,0.3893533559334758,0.911010286052468,0.0078996887527794
20240902-163342,-1.110656466409372,0.0057226808920759,-0.0012243013976178,-0.1066226086679284,-0.1859332384657006,-0.2247137620765583,-0.2250198626527335,0.0251550781152538,-0.8078240064755411,-0.3891068517567301,-0.3891537309906874,0.1136163845372666,-1.0066254342833378,-0.6804698688986028,-0.7226077963313607,-0.4746263586355096,-1.2854824437909649,-0.2429650713563781,-0.238953800795378,0.0214131131112411,-0.0852233206747058,0.025724393305748494,2.4868639297604638,1.1870082450392696,-0.833594285768265
20240902-163642,-1.088323059909431,0.004525890840239,-0.0009647089456252,-0.0967865835546936,-0.1723251878196235,-0.2457742825843444,-0.2458156055109119,-0.0066088197906707,-0.6995481069374524,-0.3097131330560615,-0.3096964035353255,-0.1111652483892977,-0.790901576242034,-0.2938988776295763,-0.2940044312868013,-0.2151957674521459,-1.1004696782550114,-0.0388792483504806,-0.0391178597289535,0.0214489869728865,-0.0669889434828825,0.13427362319023187,1.7632846761242127,0.9372676111015578,-0.0494487917771934
20240902-163722,-0.9651897587523506,0.0060729403125245,-0.0013141298896161,-0.1225278577132237,-0.2550767073782362,-0.2910317428770525,-0.2910834905184407,-0.0055747769192819,-0.9189048273210249,-0.3621044757013396,-0.3621543238873806,-0.1019412355197363,-1.3738298494532013,-0.6703047695570845,-0.6760727214892196,-0.2154652889475266,-1.2948426366069086,-0.0995384068826495,-0.1860362959395317,0.0514207177095834,-0.1024672146825396,0.04390628382269779,1.8430426358136425,1.0183102752176918,-0.2005942288443353
20240902-163012,-1.0807300192568507,-0.0021972006622729,0.0003233626860017,-0.2444562829402654,-0.0463514384121603,-0.2169723556243492,-0.2160700655763168,0.0007684584011105,-0.1869890417895877,-0.1654708661084081,-0.1646437654935511,-0.2429383290049966,-0.2840523955624613,-0.1505888280320879,-0.1498491403592341,-0.4870621769481945,-0.522908335181343,-0.0670777372581915,-0.0664879524160537,-0.0470849131606435,-0.0516175308583554,0.15514405284148128,-0.3447085004722384,0.558119753697976,0.4800150006847272
20240902-163422,-1.1078603139178334,0.0049967731890191,-0.0010683461047254,-0.0883412902960258,-0.232641884878844,-0.2475716732628056,-0.2477293970442484,-0.0172514740263275,-0.6744648663354718,-0.2609795014348541,-0.2610759939211057,-0.0813087302159819,-0.8783834676598825,-0.2955702568065259,-0.2955929222763951,-0.2203829349353434,-1.1632602209250462,-0.0349681707956678,-0.034858186461685,0.0209308280891085,-0.0609072133118222,0.015286970976625791,2.3718624724138886,1.20157219737316,-0.6908324099305232
20240902-163752,-0.7866326624353907,0.0071397547453031,-0.0015474360832585,-0.0885486582875879,-0.2107468490742016,-0.2555676613209128,-0.2555358243219711,-0.0076179920954026,-0.7014173294107411,-0.2878900391804021,-0.2877961691001531,-0.1058004546236786,-0.7014561176415504,-0.2734682417881784,-0.2732177017817366,-0.20314596990042,-0.9373730481512044,-0.0827815245243426,-0.0825226758379871,0.0589479872463542,-0.0744579053957114,0.1339067837971261,1.7231299202653092,1.0946497831212547,-0.0828364500742392
20240902-163002,-1.0714208539130274,0.0004918840021495,-0.0002712219486406,-0.245536241364952,-0.0048282083654317,-0.0017065111656039,-0.0006058946360922,0.0252466777875975,-0.0612468397693421,-0.10188566909031,-0.1126705523757561,-0.2513834811168942,-0.1619922308570595,-0.0748926326163305,-0.0740828528352771,-0.4997152320975713,-0.4036013605948803,-0.0234480328188429,-0.0229006404668564,-0.0711792456112377,-0.0759010035785515,0.1741397996762722,0.0921875706783408,0.8128014117176264,0.277777308186397
20240902-162912,-1.2841313958276386,0.0007798003775542,-0.0003340490602076,-0.2436700214617343,-0.0040643729060009,-0.0014418101143155,-0.0005112580981599,0.0087310610134535,-0.0630231303773094,-0.1049663488470685,-0.1098633310891061,-0.2506031149690813,-0.1971425949882713,-0.1513384210221454,-0.1508642827977941,-0.4976006043256848,-0.3936401020943115,-0.0548444257939172,-0.0545368541044062,-0.0696237915219347,-0.0726049555604583,0.16905297835794317,0.5099182451596228,0.8129548818320295,-0.1522266507888917
20240902-163802,-0.8798617581759381,0.0070267065500733,-0.0015276341952037,-0.0918972136050336,-0.3922000877094942,-0.4019439387450872,-0.4017317240274739,-0.0051359388022568,-0.989281590151562,-0.539746273751888,-0.5392436048650685,-0.1054008294556467,-0.9444802651434956,-0.5129509344596223,-0.5127120896803363,-0.1949770511097859,-1.0548843114210402,-0.0666488588304273,-0.0667716943524439,0.0297744304528539,-0.0684143984871385,0.04977434266328806,1.83335785705727,1.078132486188803,-0.1969288986604203
20240902-162922,-1.265616810972738,-0.0017615595545826,0.0002251542931379,-0.2476872663046049,-0.0052987543318116,-0.0018736639036023,-0.0006657864307462,-0.0009151627450919,-0.2691566349316671,-0.211417895084801,-0.210780718710505,-0.2493833368213991,-0.1946827929045087,-0.0809018519683647,-0.0799877709938643,-0.498072912367095,-0.4442259911800837,-0.043061788612447,-0.042407713206516,-0.027877776136359,-0.0667668066194067,0.14340430475510307,-0.2371713243536856,0.6754437595600555,0.4987439170131376
20240902-162752,-1.3228767295644297,-0.0009930749095218,4.170562852348103e-05,-0.2500240305815958,-0.132810379097509,-0.4811351548186654,-0.4811616236830675,0.0016976881294766,-0.0387350638478716,-0.1538965435941974,-0.1532111758021899,-0.2465498302150306,-0.1055463792340441,-0.1163278780709073,-0.1155897242169525,-0.4952649724846171,-0.312474524765656,-0.070691829955635,-0.070105561018858,0.0663854807747281,-0.035350060833041,0.16736758950208397,-0.8481817524592108,0.3280350190314468,1.0393829251363045
20240902-162852,-1.34447711413595,-0.0013975811272493,0.0001279705375225,-0.1971592016913702,-0.0748763639203875,-0.3231169802293033,-0.3225956198693323,0.0018747973047214,-0.156250355573678,-0.2047122835109422,-0.2041217238479013,-0.1933512584672814,-0.256335963554077,-0.1744828546441953,-0.1739641941675264,-0.3889299842670673,-0.4534781333862795,-0.0600294529567866,-0.0595708116080931,-0.0268099432353263,-0.0200625979824831,0.20190661608359198,-0.7955171888007073,0.0211004167133264,1.2512866640976272
20240902-162822,-1.1430051720300396,-0.0014649523179258,0.0001500371961803,-0.2490382123473234,-0.0049864048618638,-0.1178809762976421,-0.1167842077772289,0.0005260067775873,-0.1270925162728129,-0.2896154975563255,-0.289011519027301,-0.2478316785091217,-0.1624234182764097,-0.1532583095207053,-0.1524797530989562,-0.4965610682700013,-0.3507441682641137,-0.0958939624437117,-0.0952384772845781,-0.093690883177688,-0.0087008897086279,0.22356181519350468,-0.161744396161223,0.7788432992132464,0.0682237321010225
20240902-163112,-1.6737251245419251,-0.0027140557829205,0.0004370036011765,-0.1613274326821093,-0.0054768135274326,-0.001939329000139,-0.0006902907588449,-0.0030098524495795,-0.1599688642723912,-0.1650183025580233,-0.1641392569919757,-0.1795667564135446,-0.3784814835792132,-0.1914908078628152,-0.2022265685270068,-0.3314758919975397,-0.6767626645272878,-0.0481168852131966,-0.0478827591058981,-0.0419678920808958,-0.049419302565849,0.16130148337952258,-0.0450645818657506,0.7280593017484195,0.5350466566936052
20240902-163412,-0.8944829659607582,0.0062359713571615,-0.0013571237942006,-0.1235346024117196,-0.4190134907473584,-0.3655946849672083,-0.3655041933000391,-0.0046801788317755,-1.0601471277915937,-0.4072807242281996,-0.4072602770931877,-0.1346432255456373,-1.3402916515253365,-0.9506004152388012,-0.9630004213382276,-0.0388810613594072,-1.5232512079274343,-0.2678761110641648,-0.2835740752778602,0.0328182132118179,-0.0907031718302197,0.004396569551399998,1.6469638472862131,0.5783246009881231,-0.0208026664753764
20240902-162802,-1.2933437485349812,-0.0010100543676879,4.548148688981694e-05,-0.2500258904432363,-0.0649348714564122,-0.2064895904954716,-0.20584054148947,0.0016672545824701,-0.1528029840670464,-0.1743342132905529,-0.1737903507650039,-0.246631950814707,-0.2261575998279487,-0.1491332361727253,-0.1485721252035729,-0.4954094829882249,-0.3955389327128338,-0.1016196209138669,-0.1011991665536067,5.117115140586719e-07,-4.997408876452844e-07,0.3496502016656097,-0.848182015756128,0.3280348774304586,1.0393827350267353
20240902-163052,-1.63112756177147,-0.0018565881913538,0.0002534484133346,-0.0847465861102605,-0.0046821836895614,-0.0016557071909216,-0.0005876957767125,-0.0037000896552107,-0.0042673761246408,-0.1832907753355988,-0.1824083439872873,-0.0986591196506302,-0.2712850359151959,-0.2610959914396835,-0.2814666364813036,-0.1801446314644034,-0.4360846046067326,-0.0291233474928243,-0.0286270168188168,-0.0481716981704049,-0.0607307317874029,0.14739403043365268,0.2870995270725978,0.7778767560788657,0.165303800786328
20240902-163622,-1.0991632243397726,0.005548993845503,-0.0011528885206378,-0.1152828862315325,-0.1607188768590856,-0.2179421603982978,-0.2183497444316325,-0.006063873617536,-0.7545056722982005,-0.282156564004709,-0.2822217720575507,-0.1123434001422184,-1.070540478471552,-0.7374959134867752,-0.7565884430423322,-0.2656588958675047,-1.0449099131544162,-0.0220650642086906,-0.0224605494153418,0.0138247254716627,-0.0723523679342264,0.0025702134285596756,2.341408472442784,0.9668539558748768,-0.4506611337597508
20240902-163022,-1.3536857749805566,-0.0722758077391922,0.0279630125844741,-0.1622886268413153,-0.201636128015975,-0.5228715835376171,-0.5221250913374644,0.0593896707715887,-0.4143628548512181,-0.5278046500750937,-0.5347645255137742,-0.0397611147111561,-0.3669606742915809,-0.1821149205035853,-0.2106512350361044,-0.1412441298445705,-0.4408778297621533,0.0728153809288511,0.018918935194747,-0.0676623245567671,-0.0957197904600189,0.06603065497201926,0.5585774000126021,0.3544564242468009,0.0452296107120373
20240902-162832,-1.2586430609799133,-0.0003968032300002,-6.548476600680926e-05,-0.2455253997423413,-0.1243822207894831,-0.3481108185254755,-0.3475131727609082,-0.0033993789723783,-0.1021489848573028,-0.2265758208456474,-0.2258420017029892,-0.2518033436032688,-0.1532869193110056,-0.1692418321408903,-0.1685339416295402,-0.5001929669007797,-0.2978970280448321,-0.0945041789947567,-0.0939078492347412,-0.1057147625593702,-0.0723457199069115,0.16605154513093798,0.6363576700043747,0.5267461026920045,-0.4324137265809669
20240902-163702,-1.065790780856414,0.0039121317219914,-0.0007575225027921,-0.1093674459753148,-0.1297259843815734,-0.2018818059400549,-0.202020403538077,-0.0052312952772847,-0.6108889001377417,-0.2451827639307844,-0.2452118337390631,-0.1292171557493724,-0.6827562163870043,-0.247603259186574,-0.2477967530383733,-0.2252521700123885,-0.91810183712991,-0.0405106239616671,-0.0408666850951725,0.0477767275438876,-0.0299967656240142,0.041233162739539586,3.387970789276256,1.4361671652130692,-1.6613294367860003
20240902-163132,-1.3681410902168696,-0.0031873864272228,-0.085511003077565,-0.0702180415407802,-0.3628623100925262,-0.7686055316677894,-0.7686172130222553,-0.0075108179059085,-0.2431685325292754,-0.6023147469566795,-0.643130237498492,-0.1020191839253778,-0.3735620938607953,-0.4370827941398621,-0.479605870989643,-0.142720759469292,-0.7402161401538266,-0.1385279403343857,-0.1387606978062252,-0.0676290819582047,-0.0325715499672162,0.12576896667196738,0.0746231965874379,0.5380443812150788,0.2221571847663027
20240902-163942,-1.2364420495973638,0.0001623615551845,-0.0001895215458209,-0.2450613607913745,-0.0042953145607133,-0.1899620873092928,-0.1890518860280464,-0.0036173770171016,-0.077170979135465,-0.2615903383022258,-0.2608626711281712,-0.2519640059962671,-0.0593644762058468,-0.2362749705972658,-0.2356098166019508,-0.5002631716723877,-0.3159689002652978,-0.1230953572034951,-0.1226453463263497,-0.0567354338854348,-0.0887929820962076,0.15821123039695337,0.3682340000873898,0.8008145677712736,0.0434682898046472
20240902-163142,-1.6033616311956895,-0.0718296981614136,0.0277881670481161,-0.0605135161397191,-0.2617327085155593,-0.7507627722966399,-0.7700882668506637,-0.0103583111825302,-0.4019869100026199,-0.7176368783757189,-0.7290122763481485,-0.0010226332412717,-0.5202694122060035,-0.5021377785323228,-0.5155260838573745,-0.0064240582627654,-0.5977785284007696,-0.0173586502643556,-0.045281697108601,-0.0625293687229155,-0.0823296288135379,0.07322645791048926,0.5911208472282057,0.3683298630970383,0.1284805946022306
20240902-163502,-1.0903598584148448,0.005029622498161,-0.0010953194489495,-0.0950690446947788,-0.1386485474007705,-0.2077623661225056,-0.2078366983404731,-0.0054463272325286,-0.925924935351054,-0.37430711459107,-0.3743488664662092,-0.0766005511879231,-1.1058273375943608,-0.4489565856946977,-0.4490367761291702,-0.1973105983230836,-0.7620807032052513,-0.0585381516216529,-0.0591290058575369,0.0285749685649301,-0.0687808936953345,0.0560226482489079,1.6919877218984265,1.1888693074506202,-0.0905068934345501
20240902-163832,-1.1043109220972214,-0.0021252060554262,0.0003352365491631,-0.1341646721571142,-0.1768081032949772,-0.671089870730604,-0.6705840048961403,-0.0134534931707775,-0.2251061559575492,-0.6333306101985677,-0.6406184322780355,-0.1263818124852034,-0.368081398476197,-0.509612983554037,-0.513977883362271,-0.2384188359335723,-0.6182137860840493,-0.1078081248672809,-0.1073004252895918,-0.0503140341073534,-0.064596406948091,0.1376907304078271,0.0470267380438451,0.52684415845639,0.3998158616667953
20240902-163152,-1.284334288023738,-0.0017124499113574,0.0002462679135399,-0.2123323020736734,-0.1982450116416207,-0.5427849850720466,-0.5422993411426349,-0.0036316410091939,-0.1692543866785595,-0.3405082172106667,-0.3397947731097503,-0.218989412839695,-0.2455927949996505,-0.1907853562731016,-0.1900317753513384,-0.4342839048618574,-0.3321346448175535,-0.0715757036309259,-0.0707516489183367,-0.0716788893212312,-0.0788238717799945,0.15709190370365367,0.3811932114818058,0.5699051646055402,0.0578902657120333
20240902-163732,-1.0174419400737251,0.0055485604275927,-0.0011812487093234,-0.0896818448418918,-0.2574201800104819,-0.3151799597020863,-0.3151637194014441,-0.0060937910104878,-0.8776722461580242,-0.4119515001684806,-0.4118325607306446,-0.1036994423867298,-1.037455139807507,-0.4207331757144981,-0.4207422655694302,-0.2016752364888376,-1.3112522245295086,-0.0823122993719013,-0.0824887983022875,0.0729536484852058,-0.0805040865512112,0.11508272655251067,1.7331325849833688,1.090871086113901,-0.0986036143206813
20240902-163822,-0.7281313536351586,0.0079345677725933,-0.0017559725230108,-0.0973172148803693,-0.4441657887263981,-0.4032385997666096,-0.4033857600156397,-0.0035483355391217,-1.1407659548860103,-0.5938420166069439,-0.5940649527217119,-0.102990029231888,-1.0113498562766066,-0.5430254574571378,-0.543417159247338,-0.1584289219006598,-0.9039552921764344,-0.0754951971562535,-0.0758299312977013,-0.0520403951982048,-0.0538545504460427,0.049046541752132355,1.6554463036841092,-0.0264182113336119,-0.156009075070668
20240902-163602,-1.0998873656586323,0.0044564358303984,-0.0009207636993072,-0.0874238043312331,-0.1840501970156693,-0.2225026466748653,-0.2225384557813805,-0.0059860194795738,-0.9113087764782102,-0.2764915412691973,-0.2763089370188597,-0.1011755595035216,-1.0815454303561267,-0.2514168538984841,-0.2513394249617158,-0.1964273972549563,-1.3460429674860477,0.0001102381040687,3.788597170210006e-05,0.076690113332374,-0.0127943711197074,0.14214964908294958,4.026299024620744,1.378585290391947,-2.309064245132971
20240902-162902,-1.2795270733101864,-0.0014703798666133,0.00015178228631,-0.2045906350657537,-0.0243054800568544,-0.2266467963383558,-0.2257739430909401,-0.0005110377275317,-0.1836600608662531,-0.2171316485394231,-0.2166061919582907,-0.2049600756018606,-0.2796174064091312,-0.1758623726361972,-0.1752685475214108,-0.4098838621199309,-0.4475324073731121,-0.0626143094784825,-0.0620651196686554,-0.0373090209341743,-0.0442120904787949,0.1931051642766292,-0.5531747826894183,0.5850971348826327,0.7751692113355886
20240902-163952,-0.8578687069439749,0.0074400706931533,-0.0016661063556037,-0.0951668069518483,-0.2076967995222557,-0.3131150692249918,-0.3132778952402189,-0.0049861853066321,-0.9124192413299934,-0.5379421318057765,-0.5383318501456015,-0.0727793083732596,-0.9491508309035896,-0.4984341116379432,-0.5345438090208979,-0.1305802953653856,-0.8949257980106374,-0.0061260704819834,-0.0283010198771314,-0.0387099318097445,-0.0837184388603872,0.0608706323751681,1.6229386604680778,0.3254015596144199,-0.2673081854949781
20240902-163852,-1.173451797665488,-0.0008720416248419,6.60994691771706e-05,-0.2474473754166095,-0.0039350081931683,-0.0743083960069685,-0.0734443879283171,-0.0015895518776919,-0.1368591244153282,-0.2034637613684654,-0.2028615878669624,-0.2503791101620648,-0.2096445251570098,-0.2200332877579264,-0.2195159268302701,-0.4992122743309617,-0.419790501227494,-0.0819435186804105,-0.0815135614096162,-0.0369727393313291,-0.026544232738332,0.25904503296085246,0.3242749963791192,0.6569098695292276,0.2630261144188119
20240902-163452,-0.969291425071918,0.0055284212690313,-0.001201122227647,-0.0761178364585332,-0.2008830023101575,-0.221044421377928,-0.2209541618942119,-0.0069231058212007,-0.751333147850398,-0.3516612794887411,-0.3516305104643178,-0.0928401989309984,-0.7237363029442239,-0.205349425235927,-0.2054116644898563,-0.1777294328247037,-0.8994217702026082,-0.0330234609666437,-0.0331946400507533,0.0686655706881881,-0.1089460063488678,0.048662443701309455,1.5999301505370995,1.0446259719494704,-0.0212508645463176
20240902-163712,-0.7109060691044027,0.0073469430868081,-0.0015852723974453,-0.1251393790319895,-0.4372437783687348,-0.428525276683697,-0.4284597309342997,-0.0025910955468454,-1.2004092285394925,-0.7945463590820266,-0.7943748045657145,-0.0016650566411582,0.0503691327278305,-0.3718337666031545,-0.7075762202647481,-0.0796798463478787,-0.0459599106806779,-0.0209650078939069,-0.2812819243252369,0.1593261262699937,-0.1830579131529725,-0.03585838948942871,1.7262987676019128,0.5464899999307413,0.0002656960688567
20240902-163652,-1.079532402944634,0.0050886812785173,-0.0010664484241231,-0.0954761543434019,-0.1942447192741543,-0.2608074858732955,-0.2607923571769546,-0.0055215628824465,-0.9299490888631716,-0.456061883049805,-0.4555804744717451,-0.0966971505635013,-1.0187146387355654,-0.4949137054283863,-0.495665831016243,-0.2142455421978886,-1.1070656594891035,-0.0496185174405898,-0.0495982735453507,0.080801233748731,-0.0797616024788401,0.022459560614846996,2.334722828942189,1.2215896916626652,-0.5815894363029316
20240902-163102,-1.5025617843577797,-0.0056317435278505,0.0011351352440042,-0.0587482891147627,-0.0079960841274008,-0.1444407927473819,-0.1426632292620202,-0.0012139359353738,-0.4139597633556126,-0.2661880967053847,-0.2648873453736804,-0.0609320855522145,-0.8097279037039564,-0.4206729960974605,-0.4201585441362881,-0.120984378866888,-0.9387878681412024,-0.0417893898385191,-0.0412234999279951,0.0814634081451272,0.0353213057463834,0.3845730958196801,-0.3605520717721127,0.4947082714660654,1.1048124867989928
20240902-163432,-0.954072230324194,0.005557482933338,-0.0012258055955571,-0.0791376848608389,-0.2523769867587805,-0.2918245486895806,-0.2918135539253225,-0.0062414091324273,-0.7634622032823672,-0.3558709203041057,-0.3559501535562305,-0.0928678319638753,-0.9300681180532068,-0.2621323942871681,-0.2623363481739442,-0.1786846757523248,-1.3113949406607028,0.0005017468625127,0.0001593628731204,0.0373984880345204,-0.0907683876561494,0.13105666603309588,1.4038108319233218,0.7229721539355456,0.0944978635432012
20240902-162952,-1.371737926347485,-0.0032072357934622,0.0005515811773558,-0.1631814393509046,-0.1567107729416029,-0.4201308259240648,-0.4195108673447235,-0.0084825070628309,-0.3333944798496572,-0.3099889019159713,-0.3167107530830899,-0.162182615038412,-0.3507959788083205,-0.1628748921269374,-0.1621310913401472,-0.3250322129435191,-0.5792958735076924,-0.0655793128306727,-0.0649836673591058,-0.0150455556974215,-0.0622333232898255,0.1548586027380759,-0.5561719570687971,0.2354675415147793,1.091279895124483
20240902-163912,-1.2823648757818922,-0.0020467085546514,0.0002962780124039,-0.1249517546248353,-0.2685002265870962,-0.7563098596117538,-0.756385255750683,-0.0041861508241782,-0.4656361673308283,-0.7792186389081233,-0.7775055210313482,-0.1270292651865193,-0.4383764425178895,-0.4211292790210085,-0.4210062197183837,-0.2529611222647592,-0.5487850239282869,-0.1055957795637628,-0.1051556981936768,-0.0557419401084652,-0.0603079923586294,0.17838212620964727,-0.0276601281073215,0.6582712549962584,0.2927973085784948
20240902-162652,-1.096759655528169,-0.0022996053626805,0.0003504909152324,-0.2489927214045577,-0.046311012190534,-0.3855902295150241,-0.384821820236181,0.0001774466204636,-0.14521692124641,-0.3402374766057658,-0.339531140619302,-0.2484113913513333,-0.2067317357433122,-0.0609118761514354,-0.0599254987473557,-0.4975100992723273,-0.563614657597994,-0.0679897256247281,-0.0674136136249599,-0.1169398189643923,-0.0103637422941777,0.20198601050112308,0.1636050981014897,0.5978960743267289,-0.3280575794282045
20240902-163812,-0.8821631427545592,0.0061573949564309,-0.0013400232428318,-0.1464793422180207,-0.7144686792399255,-0.4801038264126916,-0.4799944209817615,-0.0015637800695998,-1.4599292207205254,-0.6354029032327576,-0.6348681415508552,-0.211535385505276,-1.677627154574991,-0.8027111611444367,-0.7097414489584645,-0.2528936875993381,-1.4284621380519404,-0.2265936369331448,-0.2396170170912361,0.0291352377480877,-0.0652877544403534,0.027940108419364285,1.85400339779075,0.8999951129966326,-0.2405779838506209
20240902-163532,-1.081157839593588,0.004301320217964,-0.0009071863498226,-0.0822613534157978,0.0003966992682849,-0.0821503094051437,-0.0822334007808887,-0.0091949349987427,-0.1889963408513682,-0.046047967422638,-0.0460950774264566,-0.0962944184756075,-1.025455901328495,-0.3678027268567799,-0.3677547127830943,-0.1822909341982726,-1.0128969843659403,-0.0182837510451641,-0.0184434175549563,0.0493650936025918,-0.0523490233904771,0.06387467718089557,1.9712234132963835,1.373642374542029,-0.2654602114067544
20240902-163332,-1.0568377907744049,0.0056212105654795,-0.0012051747215212,-0.0963002069087094,-0.1052375102511033,-0.1962308005299082,-0.19640467492847,-0.0081228767164599,-0.4767525596549478,-0.2999346986799269,-0.3000304572520706,-0.1123879781487926,-0.6949340612206574,-0.3821973702697833,-0.3821850882535317,-0.2006187097950786,-0.79007296474582,-0.0346617688761489,-0.0482985443590545,0.0417725666533954,-0.1127317803728274,0.04450773582812406,1.972889511934796,1.0657384258940406,-0.3070953826227081
20240902-163402,-0.8439361960840521,0.0067493782830581,-0.001469894454744,-0.0754734887438139,-0.1332097768683465,-0.1844099978027928,-0.1846140864190536,-0.0065395552646731,-0.7103279939076805,-0.3084738910439538,-0.3086335296765278,-0.0896299713547617,-0.8657825532541599,-0.2681348754712588,-0.2683827750210103,-0.1740339392231276,-0.8844792659783025,-0.0110515710831462,-0.0114348213702367,0.0959594407817192,-0.0633719200870294,0.06658121502872566,1.7690714255906743,1.1305357738233266,-0.1760757207637687
20240902-163442,-0.7291422920555592,0.0074951361834424,-0.0016522440157403,-0.113518858193018,-0.3918234893320512,-0.3274494673364685,-0.3275629576399786,-0.0025216717518893,-1.2081293941041635,-0.7997201541668394,-0.7999694683319218,-0.0944232627751298,-1.3003970387651105,-1.0948298467071624,-1.0367486385433806,-0.2194685090877973,-1.2989756475226115,-0.3804985538727754,-0.428161267869326,0.0125891638242715,-0.0747699637241196,0.05323385488068727,1.7427442448341903,0.7621233950449667,-0.2289633719962747
20240902-163322,-1.1887024224859803,-0.002600276672626,0.000410366489878,-0.2002838365800191,-0.0908872658466701,-0.3869218441675204,-0.3909713020528867,0.0034026668348618,-0.126179459595564,-0.503654916363519,-0.5080696272702824,-0.1803418900635211,-0.256325926139971,-0.3988311782035,-0.3983923386200413,-0.3619084977348955,-0.3608024606479837,-0.0938914869810585,-0.0931403607287293,-0.0671992209900415,-0.0480912338407098,0.1907892518601252,-0.4196996508001344,0.5508103405466496,0.4464285774716172
20240902-162932,-0.9582993556611916,0.0004510022438258,-0.0001682451007615,-0.2434663573417755,-0.0049089142808633,-0.0017204331979081,-0.0006155970104328,-0.005864958753482,-0.33035125766498,-0.2399295937700725,-0.2391425520929648,-0.25534490591395,-0.276987065612771,-0.1326410393107433,-0.1318433764363008,-0.5042512903562515,-0.3962075800334828,-0.1024545126937266,-0.101830347983636,-0.1809780162689359,-0.0042682733941987,0.14657986134202997,0.7692847710864033,-0.163558816446078,-0.4543284433571556
20240902-162942,-1.277894449644277,-0.0017908110521716,0.0002297705566968,-0.1194105125495248,-0.0050919672392621,-0.0017974466384009,-0.0006375085707069,-0.0005915926521503,-0.2975853274414986,-0.1857437427968992,-0.1851304543986297,-0.1204671559180142,-0.3957921221525285,-0.1592911003340633,-0.158795184847574,-0.2405173876615834,-0.6706812810083436,-0.0302989847968442,-0.0300000224649899,0.0096285835973841,-0.014627331962393,0.20865127246784076,-0.6782911969346371,-0.0263989161673554,1.5986604913878903
20240902-163212,-1.272785084253195,-0.0046589601063342,0.0009746095570913,-0.2188715990986307,-0.0090611948308108,-0.1799515094493502,-0.178601271495142,-0.004577247369689,-0.299050615946155,-0.1695920381707002,-0.1683810693941805,-0.2277667669733524,-0.3538028432851936,-0.1529376301652396,-0.1518283700383536,-0.4505522247679362,-0.6098147692994519,-0.083303351605194,-0.0824563845090319,-0.0115251999822008,0.0058895340554455,0.37724846869708867,0.4935533228355492,0.1866090364550037,0.3060038785980343
20240902-163312,-1.5632709528643869,-0.1124456344929666,0.0192939177491596,-0.0637974899409156,-0.2352560757359807,-0.8784823565239281,-0.8958208954540811,-0.012602602443457,-0.3938144646893487,-0.8998980386367762,-0.921983827250986,0.1334404376065045,-0.6104652123699629,-0.6535391871054819,-0.6561276027441231,0.3341100513454956,-0.7549481910723972,-0.1162657364534276,-0.1601965217432524,-0.0044080333520813,-0.1068414455911935,0.036632792674341275,0.8391387936112975,0.7538491188423336,0.2842801994862586
20240902-163522,-0.9113485288920448,0.0065097308978217,-0.0013974693189582,-0.1068661829516754,-0.6766555146803159,-0.6685425366594121,-0.6683502683938338,-0.0030462993475029,-1.066132171686425,-1.029424587361557,-1.029175684938951,-0.1125532894135979,-1.1202865630316257,-1.222921065353835,-1.2366485571970935,-0.1489563779918001,-1.321803248533116,-0.5255515006482862,-0.5389514434612007,0.0013921432457466,-0.0682318895469595,0.026250648857106762,1.8914603468925013,0.8275566174161029,-0.1767876558023653
20240902-163042,-1.5724689595996657,-0.0028174691483982,0.0004748427717585,-0.0863675614426532,-0.2265427388613349,-0.6520240018153048,-0.6580932022978776,-0.0027305681520492,-0.3613362607878461,-0.5381515518390547,-0.5635476132212881,-0.1705051150023936,-0.5752733986584541,-0.3939329997171845,-0.4084012266258754,-0.146304354705718,-0.6677544143486167,-0.076524642258829,-0.0762066003791437,-0.0607740873538305,-0.0514020317553774,0.15675874555306557,0.3793134966302985,0.5727338394220611,-0.0457825122807776
20240902-162732,-1.146865656269472,0.0002360814010524,-0.0002339150188884,-0.248178994011127,-0.0040617258006052,-0.0014440742962336,-0.0005102650236999,-9.40079735100501e-05,-0.0635327863083643,-0.2116819779452278,-0.2111047230770328,-0.2481936821140628,-0.1103028741968336,-0.1374063554366332,-0.1367799818915598,-0.4966399524725473,-0.3420296631404901,-0.0818023003339394,-0.0813787173199111,-0.0960261006350199,-0.0325303181493288,0.2296967726857504,0.3452966503302382,0.8612497851945716,-0.4457391412605896
20240902-163302,-1.0604636723014929,0.0018719562410441,-0.0005838580824718,-0.2457550059006817,-0.0034973883780336,-0.1215143100690512,-0.1207769089418448,0.0664642635231842,-0.1921565321741386,-0.148112652209061,-0.1605245025775121,-0.2190610491973006,-0.2253267906373356,-0.0929978634351959,-0.1125465435816275,-0.5306548593942334,-0.3855194613708534,-0.0688007038275185,-0.0781756723480466,-0.0088937010898956,-0.057636210016197,0.13172560297264727,0.0230042975287068,0.9761524620347516,0.3085812398074318
20240902-163222,-1.2809699128862315,-0.0009848350258149,7.002564956197217e-05,-0.1820572439781628,-0.0913413830500536,-0.2928085435281785,-0.2920353842864767,-0.0024850290791766,-0.1958246483451236,-0.1770913748366818,-0.1765889253473389,-0.2259925048074586,-0.3998881561141042,-0.2147672305556037,-0.2173806831311218,-0.3738057232925023,-0.6119607495281673,-0.09215227892325,-0.0919288408401475,-0.0754515990297154,-0.0532535171338992,0.14447846060499758,0.4298460005862805,0.6394424769437147,-0.0697120853331168
20240902-162722,-1.1321346929363625,0.0007966895501538,-0.0003659232198815,-0.2484442206547697,-0.0033938547587374,-0.1019577107399881,-0.1012409497151659,0.0003137874519712,-0.1859946284887262,-0.1544284768589929,-0.1540593905747461,-0.2476752787659124,-0.310785073316716,-0.1502246076932573,-0.1500071297614541,-0.496175142199098,-0.5242644614121506,-0.0656796510710644,-0.0655781828352475,-0.0583094857482641,-0.0364431134097614,0.21241188729107618,0.0367637380012216,1.0313547415437223,-0.1277318932159605
20240902-163122,-1.2030959494386173,-0.0020805387349436,0.0003033644725309,-0.131839905225758,-0.0816453545399319,-0.4115101520339389,-0.4108284227742684,-0.000714142385461,-0.2026549053259808,-0.4743749298308088,-0.4739582252393302,-0.1332563693607099,-0.4206606654124565,-0.3457857495229059,-0.345490178413983,-0.2657243483757264,-0.5918917781108813,-0.0752065759600023,-0.0747864734544485,-0.0494391126266279,-0.0540107077750691,0.13541255240394268,-0.0703274604447554,0.5974740407402573,0.3028622689929847
20240902-163632,-1.097796180365525,0.0049125905947268,-0.0010324960463869,-0.0891976925808757,-0.172348137483648,-0.2205949765747672,-0.2207344026122207,-0.0069762319047826,-0.727969574346874,-0.25717600710793,-0.2570699320041943,-0.1041550806116317,-0.9987689548640536,-0.3397862979197403,-0.3397219938712319,-0.1888309750341178,-1.1683510371614756,-0.0079201531346618,-0.008062473716717,0.0250920522662597,-0.0556832121120597,0.02849443720566569,2.125679247994977,1.1739807511874774,-0.2988662958429014
20240902-163842,-1.6421848994197972,-0.0040443365849153,0.0007697092919571,-0.2130676798585259,-0.0054754310710845,-0.1256634205995509,-0.1244635853656348,-0.0097835468531248,-0.436021101598011,-0.548151961839352,-0.5672108449074685,-0.2172008011321939,-0.387435741683396,-0.2351039666223086,-0.2345054071222539,-0.432388631497376,-0.5158259163901139,-0.0812097820778721,-0.0806091440136272,-0.0440939405505706,-0.0783824209512004,0.13419350937588057,0.1369943034523757,0.5944837798280204,0.1792909869699717
20240902-163232,-1.0987572312397944,-0.0023413642037014,0.0003602956313357,-0.1580731682251003,-0.1686561254695746,-0.3546297309199983,-0.3642721993865693,-2.392489783762096e-05,-0.2502129235994895,-0.2689902683511158,-0.2682963312284479,-0.163781976259603,-0.4242100670395169,-0.2649270719888699,-0.2644709378992851,-0.3277257143457052,-0.6154079091579946,-0.0972456983733767,-0.0968025180058078,-0.0469659962489582,-0.0560904728065478,0.15782325216206758,-0.2311644336487251,0.5792568468271739,0.4028507597888069
20240902-162206,-1.7307552859234767,-0.0033939153404939,-0.1268573560713289,-0.2287747212335062,-0.0050589385833419,-0.2580540809734739,-0.2570142501207365,-0.0014836377831735,-0.0049681082882395,-0.2811474597089325,-0.2801482359315831,-0.2314649967559217,-0.2362265777633669,-0.3676606435257348,-0.3670770752244264,-0.4619455500181366,-0.961111832637484,-0.2285491751350376,-0.2287974038415285,-0.0468475681727213,0.0104435094378267,0.188377077919698,0.27824599348102,0.5234952334536119,-0.2542681422006234
20240902-162426,-2.3519401900614083,-0.0077365306747794,-0.0547803133491185,-0.2423284173112385,-0.0036537618247995,-0.0871444847258737,-0.0863163207739273,-0.0078907173177569,-0.0036312008271624,-0.1465056056168996,-0.1456920668706404,-0.2573940036124448,-0.0034068149575533,-0.2267582825040998,-0.2260354170275856,-0.3834617815125437,-0.2049029081704329,-0.1105288431251624,-0.1237270392963216,-0.07388834466371,-0.1030890448906556,0.06483228672245767,0.9182544003384652,0.4847087593979955,0.3008110466236441
20240902-162536,-2.360500141308229,0.1658697292313719,-0.0661850125793674,-0.0897495352805722,-1.109911932405036,-0.5643262356216762,-0.563468376143848,0.00260909161723,-0.8353808043313027,-0.6294235955337061,-0.6349457546523744,-0.0987944138366095,-0.8091127812645164,-0.5442263691906505,-0.5435180592496235,-0.1920469902566926,-1.015879864551209,-0.1869404846643851,-0.1863724490555178,0.1179332181055061,-0.0639419060384229,0.39496612425587885,1.2097723759195202,-0.5164645582661155,0.6737683628192844
20240902-161746,-0.9379791057785674,0.0017595183921244,-0.0005308413344789,-0.2527788312579084,0.0568556212760402,-0.4520747513416382,-0.4688555977576574,-0.0046881702152062,-0.0041228023501817,-0.2698457070586617,-0.2690362496752588,-0.1889414540971509,0.0255034478665404,-0.2933753816734104,-0.2996385732358392,-0.4273088041575939,0.0473758392461414,-0.2059897839265148,-0.2239788269079211,-0.1316106430455676,0.0288628944850164,0.11413666810702108,0.8147194960309422,-0.128067227608353,-1.018787117549253
20240902-161646,-1.884743876767656,-0.0050246599309581,-0.0229352691628948,-0.1566078796345087,-0.0514488842994236,-0.5695361216667166,-0.5688104509808956,-0.0018583956420789,-0.2598256001182776,-0.4728403317448483,-0.4767300824621983,-0.2087213361771969,-0.2926651937747748,-0.4137389307875124,-0.4342502931200668,-0.2473863572597547,-0.5646427444815562,-0.2193621771228583,-0.228276536601057,-0.0755897702051292,-0.0773268012607542,0.09637558583802569,0.6513283439171326,0.486575335037842,0.1302462886051381
20240902-162516,-0.5825968068149949,-0.0012984542947383,0.0001163193899304,-0.1357359658862622,0.0369704734921011,-0.214517274228223,-0.2219215037514455,-0.0179071043236235,0.0015665362880422,-0.2210203280867262,-0.2214098669610777,-0.2433812236508571,-0.0013004630796615,-0.2636963653009343,-0.2635310030971812,-0.4921060098057829,-0.1377022589657068,-0.165456510345398,-0.1652464905232339,-0.0322271186486987,0.041500038851652,0.14924273977846128,-1.278423261388665,0.3514417273899277,0.9090029629083743
20240902-162526,-2.091618618323128,-0.001284874872311,0.0001103762264444,-0.2451183864086265,-0.0030464943414898,-0.3383635600739631,-0.3378437010566001,-0.0034753834904805,-0.0032562874071976,-0.2327386061699276,-0.2321276524006346,-0.2515788890761432,-0.0104980179165901,-0.2742041735974451,-0.2736816430694383,-0.4997985635850989,-0.9508119558673082,-0.121136579881731,-0.1218121243086531,-0.0601367437225659,-0.0524518025970294,0.16171927295464708,0.8691628695376372,0.5526095452545389,-0.697371525090133
20240902-162316,-1.838596511354718,-0.0015460763301462,-0.0621792698950204,-0.2444936513953701,-0.0032325278414927,-0.5292005882187013,-0.5287686144498271,0.0404492941542291,0.0197829615666094,-0.3132584533785327,-0.3376615310472505,-0.2878602619994153,-0.1874983392284989,-0.3673468219963952,-0.3690833766994672,-0.4924144978085674,-0.886021742489979,-0.1813563150933649,-0.1817064557967292,-0.0853285993116072,0.0126951590461091,0.1809429585285842,0.4163593530163819,0.6752798003782167,-0.443094870392446
20240902-162226,-1.7322936812964072,-0.0007418548079031,-1.7587262063987782e-05,-0.2442678140643132,-0.0028888283478348,-0.3996852037118954,-0.3992227983018315,-0.0045802246944241,-0.0034079961247582,-0.1848580091349886,-0.1841848563142594,-0.2527041283629033,-0.0033823870883117,-0.2552315445818341,-0.2546205511346429,-0.5007062340625152,-0.2794734354121346,-0.1885851040991273,-0.1882704028127848,-0.1136971777037714,-0.0942063064766919,0.16878395256436318,0.9101309696570792,0.4949837164805444,-0.5676926345553193
20240902-161726,-2.361651857149376,0.2321389098332211,-0.2916726232292361,-0.1588705955892267,-0.1399004660678503,-0.6378973136686958,-0.6373538293354114,-0.0015715510812987,-0.1524449775925559,-0.4122909007315051,-0.4113733335352392,-0.1196137064447895,-0.2594398252965577,-0.4121833635608385,-0.4300782978846678,-0.32170819355955,-0.9550865801271043,-0.2720836662106202,-0.2723337763170484,-0.058948561759279,0.0020928436572315,0.1423843960187348,0.2596428975733545,0.5571557213299051,-0.2237591440879757
20240902-162106,-1.459232023997609,0.0003222428933774,-0.0002359988860614,-0.163016597622419,0.0042213178871921,-0.5262725478440547,-0.5262921934385115,0.0043371368466666,-0.1663323505349594,-0.4382528843883338,-0.4383732731542464,-0.1805446538435078,-0.2612588132371234,-0.4115813845651166,-0.4116894886114091,-0.3659111410976715,-0.5201426611661877,-0.2081632443281473,-0.2082044505536757,-0.0280149782100077,0.0490089774407097,0.14742053306461447,-1.0588837964352338,0.5960976979428301,0.6791426270646487
20240902-161806,-1.984612868420063,-0.0026700865924643,0.0004198566791561,-0.1809569430717436,-0.0621375539765444,-0.6266965187315408,-0.626231888690331,0.0645106764329662,-0.0980723001715224,-0.4880251815929529,-0.4974275603616409,-0.0913724791049802,-0.1989222085595091,-0.3938733291613998,-0.4129339291664353,-0.3529766353132018,-0.8466667746981491,-0.1928964441319307,-0.1857322524305654,-0.0570514405618919,-0.0035747962575982,0.12168696487843908,0.088596187961952,0.6522972443503946,-0.0318329384428806
20240902-161946,-1.2847190240885733,-0.1210845910761506,0.040263912239312,0.4319126789362587,0.0628301282397718,-0.4088565246598114,-0.4282839701213269,-0.2936549687799247,-0.3270727714610275,-0.5366778269255331,-0.5088151720134155,-0.1944913811050501,-0.3704449677155677,-0.4491213744843136,-0.4450092278365395,-0.3168081013837931,-0.5181646145318171,-0.2182457055051989,-0.2186407703492656,-0.0143086449243378,0.0626222557686581,0.08096436194120826,-1.46200494287924,0.2920239057019505,0.8199877747997606
20240902-162406,-0.9684207003585243,-0.0008430162931366,9.505903567082092e-06,-0.1963646995729604,-0.004500662260585,-0.1966527579277818,-0.1957363361440043,0.0002195784385593,-0.0645528621780825,-0.3479681128825938,-0.3473304365515981,-0.1961522224785034,-0.6590501273008752,-0.4318933073587633,-0.4322951107539439,-0.3922491941427337,-0.5659513291805921,-0.2125788477138748,-0.2124305341430501,-0.0593322283005715,0.0121230120339735,0.20759098717274238,0.3768521322228033,0.6876415231041955,-0.563341363346987
20240902-161656,-2.310992360765685,-0.0052774797901341,-0.0286545371953138,-0.1356652645872162,-0.2515747698181955,-0.6598174243061469,-0.6596799760346359,0.0071978554417494,-0.3696023861544978,-0.5185734708685166,-0.5330120195578287,-0.1579813797209312,-0.3875586186091323,-0.4293398823909872,-0.4539808204736832,-0.2734197468297493,-0.8204647841408568,-0.2232117325536667,-0.2221843845561777,-0.0510210981348957,-0.0108173882418304,0.12706612344449747,0.0988245434810286,0.6140468611910347,-0.0082044440613165
20240902-162436,-1.2771363596000531,-0.0002152713508162,-0.0375336398617564,-0.2479097257299902,-0.0030919315782482,-0.3788731341472233,-0.3783806338080855,-0.0005408476728632,-0.0718805692654863,-0.3353190606067626,-0.3348759917877172,-0.2494133018680771,-0.1804973479178888,-0.3471323402127401,-0.3472196400734803,-0.4977429030603895,-0.5936122376602705,-0.2001360215666984,-0.2001942312263946,-0.0716664300967442,0.0160545606441686,0.2204966832620847,0.2929937427921254,0.9252628786151617,-0.1458827373222408
20240902-161906,-2.3147838961774507,-0.0341263947366721,0.0119003603266432,-0.1730927456497026,-0.0029959705390545,-0.4720013528345304,-0.4713579462222246,0.0315024875641461,-0.1390845917526663,-0.5023278080489393,-0.5018451970528791,-0.0953342292444467,-0.158028636280423,-0.3354769491580976,-0.3451211503448696,-0.0751015719147496,-0.1867220993318589,-0.1342657204516761,-0.1594680995957834,-0.0785142554757549,-0.0823949025353695,0.05091390699840398,0.9813989305853376,0.3703773139278731,0.0305199193515002
20240902-162326,-0.6137075049649082,-0.0014749137641472,0.0002381914819129,-0.2524170490456165,-0.000843741920563,-0.3020903790797971,-0.3020295991953179,0.0034799464415635,-0.0496660951179933,-0.3081218280459322,-0.3080479762081368,-0.2455226150103656,-0.1454921440303858,-0.2971272698451498,-0.2970403880841755,-0.495484296142178,-0.6141626918173776,-0.1641169162142242,-0.1641369089278913,0.0785372820623706,0.0568079037748644,0.23212608831468998,-1.2647405564687446,0.9250104903473152,0.8869996708668447
20240902-161916,-2.018534028561933,-0.0041687716640685,0.0008268603461167,-0.241328230610512,-0.0025116598454061,-0.1403170853354627,-0.1397576512797636,-0.0083215778185122,-0.0023429113099642,-0.2257210450317969,-0.2252413795428052,-0.2583268005792399,0.0020544581732356,-0.2342664278304072,-0.2338086127560323,-0.3650154891314347,-0.1120576327803731,-0.1343530329481291,-0.1468685072685408,-0.062803231617371,-0.1011541504362652,0.08549680301997609,1.096512087091538,0.650859904117255,0.0593420394522287
20240902-161926,-1.281378656247306,6.798268234909482e-05,-0.0001109107276236,-0.2420652966897794,-0.0037242194246261,-0.1567495482704604,-0.1559267237661092,-0.0075422801181541,-0.0035443714805358,-0.1933732163555154,-0.1926229022620595,-0.2470418244942851,0.0066880803539664,-0.2642718062665964,-0.2668140575168196,-0.5303561492614967,-0.1445198660508497,-0.1503060153104881,-0.1503203117704421,-0.0784234025739969,-0.0904787260817127,0.12272145555158698,0.7572173942094748,0.6692152315545749,0.2849765532433957
20240902-162026,-2.1482158060534755,-0.0547109139910863,-0.0680363673135375,-0.1290092802930563,-0.0051709024019306,-0.5619170246050185,-0.5607751492911932,-0.0043544654446061,-0.168948323314739,-0.5350781952121614,-0.5340784797697447,-0.1398127881150481,-0.3460846170021255,-0.5240389661882354,-0.5262746932856723,-0.2130342291416778,-0.72565579388132,-0.2097159534671911,-0.2377125652575301,-0.0927267875341283,0.0042485130883296,0.0680894903413114,0.5048753222209118,-0.1562665973341414,-0.2404207680137375
20240902-162116,-1.8662754824580492,0.0202224824336257,-0.481941456556657,-0.196737056182175,-0.0057033158088487,-0.5522923665281652,-0.5511377270028867,-0.0018818494001877,-0.0136035411721536,-0.4723544780593631,-0.4712696708976598,-0.200141833975277,-0.1387447875294036,-0.4751890338392555,-0.4743036169187626,-0.3456870439576016,-0.7505005059967425,-0.2926952282021564,-0.29359852162901,-0.076596869241158,-0.0208294545819167,0.0905548095270588,0.1661821206786836,0.1960465863341,0.0393643176054708
20240902-161816,-1.7563143199987143,0.0970627702988915,-0.1145127063299521,-0.0883517920923036,-0.0042709103068527,-0.6179917148194315,-0.6168737160351077,-0.0035299056236274,-0.1106060084125633,-0.6487447207477465,-0.6476737533323735,-0.1016377474688592,-0.3384291469579157,-0.5920975750654937,-0.6168419849716831,-0.026451814579435,-0.7164448199414559,-0.21446172912483,-0.3130959881204179,-0.0866933581994607,0.0072380494568918,0.019449553781299478,0.5459908548599945,-0.3728548641254673,-0.2449121635644529
20240902-162336,-1.2408043991072255,-0.0036624111703353,-0.3202770714969722,-0.1707473513865054,-0.0157533232124515,-0.5522727173005253,-0.5521846611626839,0.0063681448200223,-0.2244110344029658,-0.4875086819925182,-0.4874859943333903,-0.1578444385615818,-0.2733944293174136,-0.4603286250507692,-0.4601906814477916,-0.322250925060532,-0.4481084696355956,-0.2102038047741457,-0.2098860621417919,-0.0862455109773337,0.0738638862690809,0.1548613896917934,-1.1578986304378227,0.1271124899159344,0.5074289613709481
20240902-162156,-1.2375276518490772,-0.000613303092154,-0.0924214382072848,-0.1440281877419749,-0.0493644854438182,-0.6355550912467007,-0.6353906784169868,-0.0059825779022731,-0.1740060668849248,-0.5161923888615175,-0.5238348679429209,-0.1528034691696398,-0.222363000534433,-0.449102162446767,-0.4792007199699077,-0.2908384422234501,-0.871362504033387,-0.1941779851525423,-0.1946065976414245,-0.0357145287704332,-0.0060673324957714,0.1445702167901592,0.1580855876242726,0.8104974900331758,-0.0583531665394157
20240902-162216,-2.3467348991153805,0.1539309564315839,-0.0928521254147397,-0.192643899291262,-0.0063418768960016,-0.3799957079841284,-0.3785989174276012,-0.0023279820339322,-0.0062912454296941,-0.3731456032176952,-0.371772215513277,-0.1968616159129942,-0.2337366000938852,-0.4454531787634392,-0.4444356232844846,-0.3991204312585494,-0.8103855076703722,-0.327074548323166,-0.3316023452729645,-0.0736983765326413,0.0613979150065652,0.12439842673541868,0.2052472682579449,-0.1258651444255509,-0.7548379198022863
20240902-162236,-1.5114878120866742,-0.0019962468933401,0.0003449227068328,-0.2427732026508805,-0.0039425652800002,-0.2273478990686277,-0.2264894013549747,-0.0092841992758154,-0.0587007495759448,-0.5098204086583497,-0.5214374666049999,-0.2555206726750038,-0.0239341459433648,-0.3862858744015601,-0.3857165254198058,-0.5078134109757422,-0.0600145431567691,-0.2580762645804875,-0.2587297963976419,-0.1680930913530355,0.0273241644557598,0.12086279062882876,0.914865443153776,-0.3102830491199741,-0.6530251152870855
20240902-162126,-1.4191310413758011,-0.0011388850768704,8.05594150288375e-05,-0.2494851835727527,-0.0045961642313019,-0.0507663748921415,-0.0497355388014905,0.001169745747561,-0.0043191290377193,-0.1382864868938525,-0.137376213688719,-0.2470475289142461,-0.0040937667931873,-0.2122745234605104,-0.2114568304510723,-0.4956148168499837,-0.1711362781939367,-0.171781815761639,-0.1710905198661333,-0.0454040988613569,-0.0359753775957707,0.2072698531209904,-0.1548292165939584,0.8993133867433044,0.0282399909467262
20240902-162006,-1.8868069786080368,-0.0025222047389768,0.0004066122108733,-0.2428598731067316,-0.0031260914510764,-0.1456890873116925,-0.1450212435861292,-0.0063267365621294,-0.0028488605565863,-0.1614014043113537,-0.1608228373156777,-0.2549158781401353,-0.0026332563625514,-0.2072543458556611,-0.2067645051246084,-0.5032318659370226,-0.2650048174695804,-0.1375792883516581,-0.1373765623440577,-0.0615309377900194,-0.0872212740723139,0.18864259784651188,0.5325937601233857,0.8205650736104189,0.3403487171830816
20240902-162456,-0.998378217520614,4.55235016821885e-06,-0.1903198622062155,-0.1737312978923101,-0.1108610501253822,-0.5671154071128298,-0.5664620347783191,-0.0042489118200004,-0.2464894314703921,-0.4328028140975042,-0.4322622918813024,-0.1818122758930483,-0.326353146980423,-0.4146692399792992,-0.4143170510093811,-0.3592578092693773,-0.6973841915390325,-0.1975098313517237,-0.1974806816612349,-0.0783002397009334,-0.018997851604749,0.1945849168716474,0.7307311963935117,0.3261113455113174,-0.6807686543250248
20240902-162146,-1.3820017727894205,0.0009163198133541,-0.0003365527150938,-0.244840278586581,0.0363898062986145,-0.2473119553978607,-0.2571241470506101,-6.379487315409443e-05,-0.0006235261310781,-0.2272883985479132,-0.227298742006729,-0.2416370211002982,-0.0007595059967015,-0.2308145998814902,-0.2307275335937673,-0.4911478955159912,-0.3126157794514328,-0.1523083560343771,-0.1522651385720643,-0.0758685587481625,0.0751036391322409,0.1929529121756703,-1.4055168147236548,0.5271367576028586,0.714757932708057
20240902-162256,-1.6271042349432248,0.000642563571673,-0.0003138368248517,-0.2516936098839616,-0.0026457568514693,-0.2378932096017691,-0.2374456409351473,-0.0077032520534401,-0.0580265683477833,-0.3557836166488404,-0.3571481828618899,-0.2447471626507026,-0.0534490212077598,-0.3390225392189503,-0.338704210259423,-0.493364396903415,-0.1699345590479551,-0.2167737746629879,-0.2163525699568146,-0.0369317449781196,0.0386728147566477,0.1902113874386923,-0.8934141654107719,0.7397086413782824,0.6310644926999794
20240902-161836,-2.3479348112733747,0.1634729960907761,-0.034498117806992,-0.1019338831443742,-0.0052828914102017,-0.3087656941108927,-0.3076678987376618,-0.003262750230216,-0.2298173800261148,-0.4950558005552586,-0.4945270749467056,-0.0714903184597918,-0.4940910571450424,-0.5329258459278148,-0.5395378509939736,-0.4595403186647159,-1.0802258926703772,-0.1974931507733806,-0.2230229527869235,-0.0563221606395114,0.0015126681920286,0.10467898838542566,0.4472235569830278,0.377899364806125,-0.1235217013971799
20240902-161956,-1.1158556386209395,-0.0015777943170621,-0.0494875685174062,-0.2328854783728028,-0.0049870980238048,-0.3965117838293786,-0.3955188377785898,-0.0026868142157911,-0.0837738222481903,-0.3757051360722211,-0.3748596355712673,-0.2378914610489566,-0.2598533215116959,-0.3779288608293203,-0.3773649158142166,-0.4724793364766911,-0.8502914686103206,-0.1586603361757907,-0.1583483909270634,-0.0446562777628656,-0.0479642461025093,0.13482901154940827,0.1135405706377789,0.5644076372904893,0.3004883611587364
20240902-161846,-2.308848714566591,0.3864311030312269,-0.0003384558467021,-0.0984250118126231,-0.003098126454234,-0.4808359305106667,-0.4800036617022284,-0.0078328257405584,-0.0443674378538396,-0.3978861289123353,-0.3971312901881618,-0.1110811026686075,-0.3961298848206855,-0.4093388872359131,-0.408660339753695,-0.2149875883210582,-1.0414796679621563,-0.1060972802680957,-0.1079948520366107,-0.0796819927113908,0.024478624875601,0.030323162317039853,0.8897943090878307,-0.890227603489357,-0.2115869257951142
20240902-162056,-1.7467238796635207,-0.0601443866533156,0.0060743033506719,-0.241233429291976,-0.0020889171473995,-0.2717306066130392,-0.271248589663732,-0.0135615230383179,-0.0003764683608948,-0.2665039509000046,-0.266113819617983,-0.14099463546782,0.0124417605960972,-0.24019035356206,-0.2442020561933583,-0.0270302382231734,-0.1624669202332046,-0.1071462109753001,-0.1306854042313833,-0.0507403296405135,-0.0825295638560912,0.03701527109838948,1.2157171859871392,0.4520821403047665,0.0083221543077759
20240902-161936,-1.9048918051596877,0.1551338571691146,-0.3060291736217607,-0.146132028573949,-0.3409949895340036,-0.6957112504299401,-0.6953908198172429,0.0630905339314471,-0.3230835688294886,-0.4803522117561496,-0.5010475861327577,-0.1237372799881613,-0.3305421706598067,-0.4029049605013953,-0.4475145111723078,-0.2960622691830852,-0.7834747839004803,-0.2421852753488743,-0.2419583191665041,-0.0931759849596564,-0.0099478569826615,0.13207225017903138,0.1748661924775497,0.3902997107885466,0.005029581590125
20240902-162246,-1.0843840753928466,-0.000552913129501,-6.817590287210632e-05,-0.2510837102394176,-0.0030500976150959,-0.2366857474787734,-0.2361540051548635,0.002917207582501,-0.1330506207431075,-0.3694785004467574,-0.3693342978488157,-0.2450407353227177,-0.0318724728244326,-0.3188004532452462,-0.3183702948785502,-0.4934748931789438,-0.1205602855250688,-0.2059567506162151,-0.2054359963405403,0.0128310705773559,0.0688087689529494,0.24439018149227718,-0.9125739229500058,0.7251089698111592,0.7204787047310864
20240902-162306,-1.699868895077491,-0.0036339922602788,-0.0422125643304537,-0.242371353140493,-0.004309754926936,-0.1604312171610673,-0.1594655778180877,-0.0072712431530923,-0.0041572063383625,-0.1992045008806703,-0.1983082421940749,-0.2562635573695471,-0.0043420396285993,-0.255971784298611,-0.2552215411921084,-0.4441520571418346,-0.6243962985540469,-0.1452549505442951,-0.1450150136035813,-0.0926466258729909,-0.055079972141763,0.10094764566941788,0.9454108088507038,0.2692955618767516,-0.150265418083568
20240902-161736,-1.3143632441079562,-0.0033252730338643,0.0007367269357,-0.0983982551124059,-0.0048565710400074,-0.4519914685103471,-0.4512308184508297,-0.0071985172412218,-0.1903373460743417,-0.3352972978033271,-0.3416302741871688,-0.114826336073071,-0.9095599044351188,-0.6527342380100313,-0.6535678105352934,-0.1961644960399897,-1.4287439211015505,-0.3737713827284121,-0.3748647408821232,-0.0351720967870834,-0.0373359602887719,0.12158691815346837,-0.2908079508422537,0.5563783580801352,0.3992977228539797
20240902-162416,-1.5061339398523346,-0.0011539439859573,-0.0114907771620943,-0.2486543161506145,-0.0041461248063217,-0.1891749171435955,-0.1883339874662451,0.0002229696592168,-0.003843542942401,-0.2866181730585908,-0.2859120433643193,-0.2480527893597755,-0.0513035975792259,-0.2815804778106001,-0.2809143823319607,-0.4965859225505658,-0.207762805289392,-0.1890110785462637,-0.1883951231014102,-0.0422534150971784,-0.0113826960578014,0.18669705266722827,-0.1692438961789508,0.8128320322100452,0.1947071202108953
20240902-162346,-2.3390658671808326,-0.0213350376900584,0.0043629948593652,-0.2174498440268831,-0.003600440295712,-0.2828618346051249,-0.282026382580204,-0.007859591310747,-0.0033837408678686,-0.3234266841000823,-0.3226851167099749,-0.235893573030519,-0.0651215892592643,-0.3231578336856468,-0.322544861759319,-0.2876666567359849,-0.3610628345996939,-0.1214918346621856,-0.1433408372904588,-0.1147030264441299,-0.016943770469772,0.05539566372626248,1.053659157031765,-0.1920580929441315,-0.1369511939281152
20240902-161826,-2.235709111265863,-0.0996008061383659,0.0067588870257977,-0.0892186277506791,-0.0033465103116895,-0.4543422479528701,-0.4535268710766292,0.0042663056414594,-0.2254184874119944,-0.5527150995149923,-0.5520195313326175,-0.1603856121215488,-0.451766203947774,-0.5458515328992417,-0.5454108376004085,-0.1069977646053797,-0.6612754769244767,-0.1829132568297415,-0.2119448480995883,-0.0569581468870364,-0.0591402827835255,0.02478058510664216,1.0461708669613323,0.2564763091687233,0.3298549051746395
20240902-161716,-1.6634961785892424,-0.0050355523932869,-0.0426324359736399,-0.1619963529675374,-0.1207485716065263,-0.583084493601085,-0.5846301080650983,0.0041225838515215,-0.2772787051635114,-0.5210887831265968,-0.5204398821924395,-0.1533403523751205,-0.291123033135423,-0.4446681471101024,-0.4467371192245639,-0.2203266113057206,-0.3449739267423724,-0.2123356711283468,-0.2371671068750191,-0.0796112234910758,-0.0818656974804804,0.07449860680501397,0.6395215247908572,0.3403125624943169,0.1583139443588785
20240902-162016,-0.8900815291247042,0.8962357064537531,-0.2232302758060873,0.4389559602366821,0.222887774686405,-0.2785779845628186,-0.3270932552533253,-0.4347215751874194,0.1374349063119901,-0.2626058563449651,-0.2991338203253164,-0.2728084913273521,0.0119552812698882,-0.2987291480081305,-0.3054867361051506,-0.6560264738593641,-0.2242167663037118,-0.3016185234338487,-0.2848507769208604,-0.4213130296524971,-0.0617646014715752,-0.05006904121067374,3.0852516500797185,-0.3650548911691118,-1.141806954731887
20240902-161856,-2.1734704486056784,-0.0068301526227477,0.001498239334354,-0.2420600639889302,-0.002033063211507,-0.1225364016654408,-0.1220521831027076,0.0044955090482453,0.0177573694785424,-0.1868291233453076,-0.1864438050134568,-0.2571158761911534,0.0500933326539126,-0.2304914246573086,-0.230198892382288,-0.3191233932468991,-0.0739911631451537,-0.0785554176246026,-0.1107262514004425,-0.0466899167980867,-0.1041115468902661,0.014901871606801176,1.1718659867527312,0.6546617442795541,0.4803242862240287
20240902-162136,-1.0976102552477731,0.0019268174081192,-0.0005864664941145,-0.3726734401496326,0.031224228981738,-0.2634021620691835,-0.2718192618332254,-0.0050352200519852,-0.0034777365393861,-0.1535530459394213,-0.1528384076623918,-0.1945488842723532,0.0081991910022701,-0.2268758449010315,-0.2289612656630283,-0.3901433449630496,-0.0230527180927693,-0.1326145677601034,-0.1483168102093007,-0.0926789217564911,-0.1221871339845767,0.12321686521046668,0.6193250162584935,0.6761816057132044,-0.1742434741075248
20240902-162356,-1.0691628815903909,0.0038122623313602,-0.1809389787083464,-0.1722159881733443,-0.0397111588797241,-0.5299792573041928,-0.5296092812697551,-0.0084630685285438,-0.2229120641619203,-0.4397915277073762,-0.4395505410220486,-0.1888613983862838,-0.2570746358979533,-0.3906058509278763,-0.3904881140721599,-0.1878119034641591,-0.4008399300184315,-0.1991956187234911,-0.1978648740770752,-0.054427011267377,-0.0590175379936589,0.058143489829621364,1.31751508129136,0.0604622982028749,-0.1151776413228874
20240902-161706,-1.3992669670472624,-0.0560289179723934,-0.1428226713912358,-0.182830507861581,-0.0040392962763638,-0.5060084923346806,-0.5051189442403887,-0.0066513124715958,-0.1652895307039975,-0.5100524997683246,-0.5093799973149122,-0.1208733658861559,-0.2254235110719428,-0.4328830831227228,-0.4374112106681939,-0.1430786417451251,-0.2689740044281178,-0.2227382653654759,-0.2469061508951388,-0.1081149990860959,0.0520522798546827,0.052189659129500354,0.5914206575284405,-0.6777727348952572,-0.8959830126057744
20240902-162046,-1.355803773408195,2.531861897977751e-06,-0.1187690481583042,-0.1465617830023563,-0.0039054354477616,-0.4710177076462528,-0.4706950445575555,-0.0082646489305588,-0.2118895235263852,-0.4868860920618656,-0.4868077353971914,-0.0791690992016356,-0.198151125742491,-0.4403785314151112,-0.4404360541292915,-0.2239152627382616,-0.4294256627918327,-0.1955146208328642,-0.2012520527694672,-0.0803977010920404,-0.0525579870414445,0.05253320981844728,1.3762878408887964,0.1402872674087417,0.0158178693654374
20240902-162446,-1.5936987566609346,-0.0034332474640484,-0.0764967042837371,-0.2111370030105967,-0.0032560350419439,-0.3628792612193717,-0.3620864549405458,-0.0082063005131546,-0.0243662483796193,-0.383645609741374,-0.3829639205988524,-0.2288064503518614,-0.1469154161996814,-0.3777398950937111,-0.3771817811628025,-0.3667432950088198,-0.2655504323437092,-0.1731919766485505,-0.1908953531876994,-0.0978136836197302,0.0332822089547482,0.05777955749898417,0.9390851253565264,-0.7292610983974137,-0.3984535146627012
20240902-161756,-1.123557263969876,0.0015504607521871,-0.0004701788934637,-0.2432773507762,-0.0298125844693006,-0.5603631515763882,-0.5598804264593155,0.0857211952526333,-0.0144360196567382,-0.2482927961944659,-0.2447734736471622,-0.0211199266823112,0.0819329932324916,-0.2408744156696331,-0.2619547872272671,-0.6474031124819918,0.4165407257427025,0.0416350717138295,-0.0928528062677753,-0.081900096897338,-0.1167909572868861,0.06434053336240059,0.8148542071528836,0.454534221315746,-0.1727952750511327
20240902-162036,-1.5239453728209205,-0.0057785089535858,0.0012190053565353,-0.245251510662871,-0.0056657858107922,-0.2906292925994024,-0.2893430665750526,-0.0049023594261378,-0.0055140870780432,-0.3236838808810511,-0.3224648106742389,-0.2545360901968899,-0.0443734627947817,-0.3542903854973718,-0.3531881826789069,-0.5037091111160196,-0.4388647236389589,-0.2354442079596082,-0.2347152386516228,-0.0832480795485659,0.0089473114775629,0.09415392190087868,0.5766515575740451,-0.2437333100549795,-0.351552368128787
20240902-162506,-1.169090102619132,0.000310113218769,-0.0002510249165818,-0.2486758234335102,-0.0027312961746882,-0.3908612177473478,-0.3904951015185524,0.0004059428247269,-0.0032407858233043,-0.2221098308073382,-0.221507817330387,-0.2476621887661051,-0.0032425635381571,-0.2235259881420469,-0.2229204830269786,-0.4964772300513955,-0.5564879969745528,-0.1225326204295695,-0.1225188526236323,-0.0101471495378912,0.0239562945548828,0.1627087297308324,-0.5961232727976414,0.8101136380167879,0.6866994137492918
